Model Brand Name,Model Name
Vizion,600
Vizion,560
Vizion,500
Vizion,470 PRO
Vizion,470
Vizion,470s
Vizion,470 RS
Vizion,440 CS
Vizion,440 RS
Brema,480 V Pro
Brema,450 V Pro
Nord Boats,580
Gemini,Waverider 880
CRESCENT,450 Winner
WESTLINE,24 WA
RIB UNLIMITED,6SX
SILVER,Seahawk Cabin
Stream,RIB 560
ARRONET,Arrofoil 25 Cabin
Lynxmar,O22
OCEANIS,37.1
Seaswirl,2150 WA Striper
JEANNEAU MOTORBÅT,725 WA
SCANDICA,670 Classic
GRAND,D600 LUX
GRAND,Golden Line  G680
AB Inflatibles,Lammina 9 UL
AB Inflatibles,Lammina 10
ALUKIN,Ocean Air 8
SUVI,63 CC
UMS BOATS,865 CAB
KIMPLE,E480
TIGER MARINE,Sportline 480
TIGER MARINE,650 Open
TIGER MARINE,750 Open
MICORE,51 CC
Black Wolf,DLX 390
Black Wolf,DLX 460
Black Wolf,VIB 400
Black Wolf,DLX 640
AlloyCraft,BASS PRO 463
AlloyCraft,P330
NORDKAPP,905 Coupe
YAMARIN,80 DC
STING,PRO 725 OPEN
SANDSTRÖM,57 MID
MICORE,58 BR
MICORE,53 CC
MICORE,58 SC
MICORE,48 SC
MICORE,65 CC
HR,5.5 Fishing
ASKELADDEN,C91 Cruise
X SHORE,PRO
505,505
RS SAILING,QUEST
RS SAILING,FEVA
RS SAILING,AERO
RS SAILING,TERA
WASZP,WASZP
OVINGTON,49er FX
NACRA,15
SKILSÖ,35 Fly
VIKNES,1030 Panorama
GREENLINE,39 Hybrid
Navan,S30
Navan,C30
YAMAHA,GP1800R HO
YAMAHA,VX Cruiser HO
YAMAHA,VX
YAMAHA,JetBlaster
AXOPAR,29 Sun-Top
AXOPAR,29 XC Cross Cabin
GREENLINE,45 Coupé
GREENLINE,45 Fly
GREENLINE,48 Coupé
GREENLINE,48 Fly
GREENLINE,58 Fly
ISLOEP,RAPIDA 990
ISLOEP,RAPIDA 1090
NORTHSTAR,Axis 3.1
NORTHSTAR,Axis 3.4
NORTHSTAR,Axis 3.8
NORTHSTAR,Axis 4.2
NORTHSTAR,Axis 4.8
NORTHSTAR,Orion 7
NORTHSTAR,ION 12
MAREX,440 GC
XO,DFNDR A8
BENETEAU UTOMBORDARE,ANTARES 12
HANSE,410
WINDY,29 Huracán
WINDY,SR38
PRINCESS,S65
NAJAD,451 CC
NAJAD,451 AC
HR,575 CC
CREMO,410 SC
CREMO,385 R
BAVARIA,C46
YAMARIN,59 SC
SILVER,Seahawk CCx
RHEA MARINE,29 HB Open
RHEA MARINE,29 HB Timonier
PIONER,14 ACTIVE PRO
PIONER,MULTI III PRO
NORDKAPP,Coupe 830
GALEON,480 FLY
GALEON,435 GTO
AXOPAR,45 XC Cross Cabin
AXOPAR,45 Sun-Top
AXOPAR,45 Cross Top
ASKELADDEN,C97
AMT,165 R
AMT,165 RF
Landx,X6
Landx,X7
Zulu Marine,33 MP
X SHORE,1
NORTHSTAR,Axis 5.3
Lynxmar,C26
Lynxmar,O20
POWERBOAT,520 DC
POWERBOAT,470 DC
POWERBOAT,420
NORTHSTAR,Orion 6
SHOGUN,43
Q Yachts,Q24 Club
SAXDOR,270 GTO
SEA FORCE ONE,909
Q Yachts,Q30
ELAN,E5
ALUKIN,C 770
NIMBUS,W9
NIMBUS,C8
NIMBUS,T11
Petor,P484
Excess,11
Mantaray,M24
ELAN,30 Power
Jaktar Boats,J-30
Greenbay,Force 10
Elvene Boats,Amber
HYDROLIFT,X-27 SUV
CHRIS CRAFT,Launch 27
CARISMA,715
IRON,827 Coupe
ARCTIC BOATS,Arctic  Mini Jetboat
ANYTEC,Anytec 800R
ALUCAT,Alucat W35
CANDELA,Candela C8
TINN-SILVER,930 Offshore
TINN-SILVER,870 Tuna
TINN-SILVER,850 Azur
TINN-SILVER,800 Catamaran
TINN-SILVER,800 Offshore
TINN-SILVER,800 Cabin Offshore
TINN-SILVER,780 Bomber
TINN-SILVER,750 LTD Offshore
TINN-SILVER,750 Cabin Nordic
TINN-SILVER,720 Catamaran
TINN-SILVER,700 Cabin
TINN-SILVER,700
TINN-SILVER,695 Cabin
TINN-SILVER,650 Silure
TINN-SILVER,600 SPORT
TINN-SILVER,600
TINN-SILVER,550 SPORT
TINN-SILVER,550
TINN-SILVER,500 SPORT
TINN-SILVER,450 Pro
TINN-SILVER,350
TINN-SILVER,300
TARPON,470 LX
TARPON,790 LX
TARPON,590 LX
RODMAN,Muse 74
RODMAN,Muse 54
RODMAN,Muse 50
RODMAN,Muse 44
RODMAN,33 Offshore
RODMAN,1290 Fisher Pro
RODMAN,1290 Evolution
RODMAN,1090 Evolution Fly
RODMAN,1090 Evolution
RODMAN,Spirit 42 Coupé
RODMAN,Spirit 42 Fly
RODMAN,Spirit 31 HT
RODMAN,Spirit 31 Open
RODMAN,890 Ventura
RODMAN,790 Ventura CC
RODMAN,690 Ventura CC
MAXUM,2300 SC
BENETEAU UTOMBORDARE,ANTARES 8 FISHING
BENETEAU SEGELBÅTAR,FIRST 44
JEANNEAU SEGELBÅT,SUN FAST 30 ONE DESIGN
JEANNEAU MOTORBÅT,DB/37
DUFOUR,41
HIGHFIELD,PATROL 700
HIGHFIELD,SP 760
HIGHFIELD,SP 660
HIGHFIELD,SP 600
HIGHFIELD,Classic 380 GT
HIGHFIELD,Classic 340 GT
HIGHFIELD,Classic 380 FCT
HIGHFIELD,Classic 340 FCT
HIGHFIELD,Classic 310 FCT
HIGHFIELD,Classic 290 FCT
UMS BOATS,585 Fishing CC
HANSE,510
WINDY,40 Camaria RS
TARGA,41
RYDS,650 VI BR
PRINCESS,Y80
PRINCESS,S80
PRINCESS,F65
NORD STAR,26+
NORD STAR,49+
MICORE,Xw50cc
GRANDEZZA,30 CA
FINNMASTER,T9 ST
DELTA,48 Coupé
BAVARIA,SR 33
ARCONA,435 Mk II
YAMARIN CROSS,62 V MAX
YAMARIN CROSS,57 V MAX
X-YACHTS,XC 47
TG,6.1
TERHI,450 Sloep
TERHI,390
STING,580 S
NIMBUS,465 Coupé
NIMBUS,Weekender 11
GREATWHITE,RIB 300
GREATWHITE,DLX 420
GREATWHITE,CAT 390
GREATWHITE,CAT 270
GREATWHITE,VIB 200
GREATWHITE,explorer 500
GREATWHITE,explorer 430
GALEON,560 FLY
FASTER,545 SCA
CAPELLI,CAP 19 Open
CAPELLI,Tempest Stradivari 43
BELLA,ZERO 6.3
BAYLINER,Element M19
ASKELADDEN,C70 Cruiser
ANYTEC,A30 X-TND
ALUKIN,CABIN 650
GRAND,NL 370 Silverline
AXOPAR,22 T-Top
AXOPAR,25 Cross Bow
Freepower,Freepower
ULTIMA,870
Andunge,Andunge
GRAND,S300
GRAND,S330
GRAND,G750
MAREX,3609 Aft CC
Aspre,720 GT
RIVER,460
RIVER,420
NORDKAPP,NOBLESSE 830
EXPLORER,430
GREATWHITE,DLX 700
NORDKAPP,AIRBORNE 6.3
YAMARIN,59 BR
CORMATE,BOWRIDER
MICORE,57 BR
MICORE,63
MICORE,57
AMT,240 DC
OSKWIG,12 S
Øien,460-1
Øien,710FH
Øien,620F
CARISMA,570 SLOEP
SEA RAY,SDX 250
UMS BOATS,580 CAB
SUVI,63 Duo
AQUASPIRIT,465 Rodd
AQUASPIRIT,530 DC
ADVENTURE,610 VESTA
ADVENTURE,650 VESTA
TIGER MARINE,550 PRO LINE
TIGER MARINE,600
TIGER MARINE,740 PRO LINE
TIGER MARINE,TOPLINE 850
AlloyCraft,PRO 530
RYDS,650 VI
HIGHFIELD,380 GT
HIGHFIELD,FLT 310
HIGHFIELD,760
HIGHFIELD,660
OCEANIS,34.1
Bennington,L25
Bennington,L23
SACS,STRIDER 900
GREENLINE,40 HYBRID
XO,DSCVR 9 OPEN
BENETEAU INOMBORDARE,SWIFT TRAWLER 48
BENETEAU INOMBORDARE,GRAN TURISMO
BENETEAU SEGELBÅTAR,OCEANIS YACHT 54
BENETEAU SEGELBÅTAR,OCEANIS YACHT 60
JEANNEAU SEGELBÅT,55
JEANNEAU SEGELBÅT,SUN ODYSSEY 380
JEANNEAU MOTORBÅT,MERRY FISHER 1295 FLY
JEANNEAU MOTORBÅT,DB/43
JEANNEAU MOTORBÅT,CAP CAMARAT 10.5 CC
SARGO,45 EXPLORER
DUFOUR,37
UMS BOATS,700 HT
VECTOR,MV-1
WINDY,34 ALIZE
TARGA,27.2 TF
PRINCESS,S72
MICORE,XW63BR
FORBINA,730 open
FORBINA,670 classic
DELTA,88 carbon
CREMO,S21
CREMO,550 SC
CREMO,515 SC
BAVARIA,SR 36
ARRONET,24 5 SPO
ARRONET,23 5 SPT 2
ARCONA,50
PIONER,11 EASY
GALEON,450 HTC
GALEON,375 GTO
FASTER,495 XC
FALCON,BRs 4
BRABUS MARINE,Shadow 500 Cabin
BRABUS MARINE,Shadow 300
BAYLINER,Element M17
BAYLINER,Element M15
ASKELADDEN,P70 Pilothouse
AQUADOR,300 HT
AQUADOR,250 HT
GREATWHITE,DLX 460
BENETEAU SEGELBÅTAR,OCEANIS 34.1
AXOPAR,25 Cross Top
KULKURI,21 CC
RÖNNQVIST,PRO 495
RÖNNQVIST,PRO 705
RÖNNQVIST,PRO 625
RÖNNQVIST,PRO 545
GEMI,630 BR
GEMI,630 CC
GREENLINE,45
ZODIAC,Medline 6.8
BELLA,ZERO 6.1
SAGA,330 HT
YAMARIN,67 DC
BUSTER,Magnum Cabin
ARRONET,33 Surprise
ARTIC,23
ARTIC,Jet Boat
OCKELBO,B25 CAB
ELAN,E4
HALLBERG-RASSY,50
HALLBERG-RASSY,400
VIKNES,8
SKILSÖ,35
HR,555 BR
WESTLINE,440 Sport Coupé
WESTLINE,270 Sport
MARIK,37
STRANA,23
DROMEAS,D28 SUV
SEALINE,C335
SAXDOR,320 GTC
SAXDOR,200 Sport
ALUCAT,W18
CORMATE,T28
SIRENA,58
ASKELADDEN,C78 Cruiser
BRANDSKÄR,320 NG
NORTHSTAR,Orion 8
NORTHSTAR,Axis 2.4
AQUASPIRIT,585 DC
AQUASPIRIT,585 CC
UMS BOATS,800 Cabin
QUARKEN,27 Cabin
CAMPION,825 i Allante
SEACORE,C10
SEACORE,SCX 8
SEACORE,C8
SEACORE,C7
SEACORE,C6
SEACORE,X6
SEACORE,C5
SEACORE,X5
BARCON,22 WAi
VICTORY,A11
VICTORY,A6 Open
VICTORY,A6 Cabin
VICTORY,A450
VICTORY,500 Open
VICTORY,470 Open
QUARKEN,27 T-Top
QUARKEN,27 Open
XO,DFNDR 9
XO,EXPLR 10 Sport +
XO,EXPLR 10 Sport + IB
FAREAST,ASTUS 16.1
FAREAST,FREEFLY 15
FAREAST,V90
BENETEAU INOMBORDARE,GRAN TURISMO 45
BENETEAU SEGELBÅTAR,FIRST 36
BENETEAU SEGELBÅTAR,FIRST 27 SE
BENETEAU SEGELBÅTAR,FIRST 24 SE
BENETEAU SEGELBÅTAR,FIRST 18 SE
BENETEAU SEGELBÅTAR,FIRST 14 SE
JEANNEAU MOTORBÅT,CAP CAMARAT 7.5 CC SÉRIE3
JEANNEAU MOTORBÅT,CAP CAMARAT 7.5 WA SÉRIE3
JEANNEAU MOTORBÅT,MERRY FISHER 695 SPORT
JEANNEAU MOTORBÅT,MERRY FISHER 795 SPORT
JEANNEAU MOTORBÅT,MERRY FISHER 895 SPORT
JEANNEAU SEGELBÅT,380
JEANNEAU SEGELBÅT,65
DUFOUR,Catamarans 48
DUFOUR,412
DUFOUR,32
DUFOUR,56
HANSE,460
WINDY,SR44 PRO
WINDY,SR44 SX
WINDY,SR28 CC
WINDY,SR26
WINDY,29 COCO GT
TARGA,35
RYDS,650 VI DC
FINNMASTER,PILOT 8
FINNMASTER,PILOT 7
ARCONA,415
TG,7.9
TG,7.9 Supreme
QUICKSILVER,475 AXESS
QUICKSILVER,525 AXESS
QUICKSILVER,625 PILOTHOUSE
NORDKAPP,AIRBORNE 8
AMT,190 RF
AMT,190 BRF
AMT,175 BRF
AMT,165 BRF
GREATWHITE,Fishfinder 400
GREATWHITE,CAT 330
GREATWHITE,CAT 300
GREATWHITE,CAT 250
GREATWHITE,VIB 430
GREATWHITE,VIB 400
GREATWHITE,VIB 330
GREATWHITE,VIB 300
GREATWHITE,VIB 270
GREATWHITE,VIB 230
GREATWHITE,IF 200
GREATWHITE,412 Lite
GREATWHITE,308 Lite
GREATWHITE,ALU 380
GREATWHITE,RIB 360A
GREATWHITE,RIB 330A
GREATWHITE,ALU 300
GREATWHITE,ALU 270
GREATWHITE,RIB 330
GREATWHITE,RIB 300A
GREATWHITE,RIB 270
GREATWHITE,DLX 640
GREATWHITE,DLX 500
GREATWHITE,RIB 510A
GREATWHITE,RIB 420A
GREATWHITE,DLX 350
GREATWHITE,RIB 380 Cruise
GREATWHITE,RIB 330 A Sport
GREATWHITE,DLX 330
GREATWHITE,RIB 330 S
IBIZA,811 EXPLORER
SEA-DOO,RXT 215
SEA-DOO,RXT 230
SEA-DOO,RXT X 255 RS
SEA-DOO,RXT-X 260 RS
SEA-DOO,RXT-X RS 300
BUSTER,SuperMagnum
BUSTER,Magnum
YAMARIN,50 BR
ÖRNVIK,520 CLX
GREATWHITE,240A
NORD STAR,42+
NORD STAR,36+
NORD STAR,26
XO,EXPLR 10 Sport
XO,EXPLR 9
XO,DSCVR 9
XO,DSCVR 9 T-Top
XO,DFNDR 8
FAREAST,RIB 480
FAREAST,S/V 14
MARELL,M9
MARELL,M12
MARELL,M17
HIGHFIELD,Classic 380
HIGHFIELD,Classic 360
HIGHFIELD,Classic 340
HIGHFIELD,Classic 290
HIGHFIELD,Classic 310
HIGHFIELD,Classic 260
HIGHFIELD,Ultralite 340
HIGHFIELD,Ultralite 310
HIGHFIELD,Ultralite 290
HIGHFIELD,Ultralite 260
HIGHFIELD,Ultralite 240
UMS BOATS,RIB 900
UMS BOATS,RIB 750
UMS BOATS,RIB 700
UMS BOATS,RIB 630
UMS BOATS,545 Fishing CC
UMS BOATS,585 Fishing
UMS BOATS,655 Fishing
UMS BOATS,705 HT
DIVA,40 SC
PRINCESS,Y72 MOTOR YACHT
NORDKAPP,AIRBORNE 7
SARGO,45
FINNMASTER,PILOT 6
FINNMASTER,T9
CREMO,405 R
CREMO,465 SC
CREMO,490 SC
CREMO,550 HT
CREMO,560 SC
CREMO,650 CC
BAVARIA,VIRTESS 420 COUPÉ
UTTERN,C70
TERHI,480 TC
SILVER,Puma BRz
SANDSTRÖM,CLASSIC 560
PIONER,400 STEADY
PIONER,320 STEADY
PIONER,260 STEADY
PIONER,16 EXPLORER
NIMBUS,Commuter 8
GALEON,405 HTS
GALEON,325 GTO
CAPELLI,Tempest 430 SWE
CAPELLI,Tempest 470 SWE
BUSTER,Mini
AXOPAR,x Jobe
RYDS,610 GTS
IRON,827
BUSTER,XS
KAWASAKI,SX-R
KAWASAKI,Ultra LX
KAWASAKI,STX 160
KAWASAKI,STX 160 X
KAWASAKI,STX 160 LX
KAWASAKI,Ultra 310 R
KAWASAKI,Ultra 310 X
KAWASAKI,Ultra 310 LX
STING,600 PRO HT
XO,270 CABIN
XO,DSCVR
XO,250 DFNDR
FAREAST,36C
BENETEAU INOMBORDARE,MONTE CARLO 52
BENETEAU INOMBORDARE,MONTE CARLO 6
BENETEAU INOMBORDARE,GRAND TRAWLER 62
BENETEAU INOMBORDARE,SWIFT TRAWLER 47
BENETEAU INOMBORDARE,SWIFT TRAWLER 41 SEDAN
BENETEAU INOMBORDARE,SWIFT TRAWLER 41 FLY
BENETEAU INOMBORDARE,GRAND TURISMO 50 SPORTFLY
BENETEAU INOMBORDARE,GRAND TURISMO 50
BENETEAU INOMBORDARE,GRAND TURISMO 46
BENETEAU INOMBORDARE,GRAND TURISMO 41
BENETEAU INOMBORDARE,GRAND TURISMO 36
BENETEAU INOMBORDARE,GRAND TURISMO 32
BENETEAU UTOMBORDARE,ANTARES 11 FLY
BENETEAU UTOMBORDARE,ANTARES 11
BENETEAU UTOMBORDARE,FLYER 10
BENETEAU UTOMBORDARE,FLYER 9 SPACEDECK
BENETEAU UTOMBORDARE,FLYER 9 SUNDECK
BENETEAU UTOMBORDARE,FLYER 8 SPACEDECK
BENETEAU UTOMBORDARE,FLYER 7 SPACEDECK
BENETEAU UTOMBORDARE,FLYER 7 SUNDECK
BENETEAU UTOMBORDARE,FLYER 6 SPACEDECK
BENETEAU UTOMBORDARE,FLYER 6 SUNDECK
BENETEAU SEGELBÅTAR,OCEANIS 51.1
BENETEAU SEGELBÅTAR,OCEANIS 40.1
BENETEAU SEGELBÅTAR,OCEANIS 30.1
BENETEAU SEGELBÅTAR,FIRST YACHT 53
BENETEAU SEGELBÅTAR,FIRST 27
BENETEAU SEGELBÅTAR,FIRST 24
BENETEAU SEGELBÅTAR,FIRST 14
JEANNEAU MOTORBÅT,NC 37
JEANNEAU MOTORBÅT,NC 33
JEANNEAU MOTORBÅT,LEADER 46
JEANNEAU MOTORBÅT,LEADER 40
JEANNEAU MOTORBÅT,LEADER 36
JEANNEAU MOTORBÅT,LEADER 33
JEANNEAU MOTORBÅT,LEADER 30
BRIG,Navigator 26
JEANNEAU MOTORBÅT,MERRY FISHER 895 MARLIN
JEANNEAU MOTORBÅT,MERRY FISHER 605 MARLIN
JEANNEAU MOTORBÅT,MERRY FISHER 1095 FLY
JEANNEAU MOTORBÅT,CAP CAMARAT 10.5 WA
JEANNEAU MOTORBÅT,CAP CAMARAT 12.5 WA
JEANNEAU MOTORBÅT,CAP CAMARAT 6.5 WA
JEANNEAU SEGELBÅT,64
JEANNEAU SEGELBÅT,60
JEANNEAU SEGELBÅT,54
JEANNEAU SEGELBÅT,51
JEANNEAU SEGELBÅT,SUN ODYSSEY 490
JEANNEAU SEGELBÅT,SUN ODYSSEY 410
JEANNEAU SEGELBÅT,SUN FAST 3300
X-YACHTS,XP 55
X-YACHTS,XP 50
X-YACHTS,XC 50
X-YACHTS,X4.9
X-YACHTS,X5.6
X-YACHTS,X6.5
X-YACHTS,33 C
MARELL,M15
BRIG,Navigator 520P
SARGO,25 EXPLORER
SARGO,28 EXPLORER
SARGO,31 EXPLORER
SARGO,33 EXPLORER
SARGO,36 EXPLORER
DUFOUR,61
DUFOUR,530
DUFOUR,470
DUFOUR,430
DUFOUR,390
DUFOUR,360
HIGHFIELD,PATROL 540
HIGHFIELD,PATROL 500
HIGHFIELD,PATROL 460
HIGHFIELD,PATROL 420
HIGHFIELD,SP 800
HIGHFIELD,SP 700
HIGHFIELD,SP 650
HIGHFIELD,SP 560
HIGHFIELD,SP 520
HIGHFIELD,SP 460
HIGHFIELD,SP 420
HIGHFIELD,SP 390
HIGHFIELD,SP 360
HIGHFIELD,SP 330
HIGHFIELD,SP 300
HIGHFIELD,CL 460
HIGHFIELD,CL 420
HIGHFIELD,CL 360
HIGHFIELD,UL 340
HIGHFIELD,UL 310
HIGHFIELD,UL 290
HIGHFIELD,UL 240
HIGHFIELD,RU 320
HIGHFIELD,RU 280
HIGHFIELD,RU 250
HIGHFIELD,RU 200
UMS BOATS,485 TT
UMS BOATS,545 Fishing DC
UMS BOATS,545 TT
UMS BOATS,585 TT
UMS BOATS,655 TT
UMS BOATS,425 M
UMS BOATS,425 CC
UMS BOATS,485 CC
UMS BOATS,485 DC
UMS BOATS,545 CC
UMS BOATS,585 CC
UMS BOATS,655 CC
UMS BOATS,805 HT
UMS BOATS,805 DC
HANSE,508
HANSE,548
HANSE,675
DIVA,40
VECTOR,150 PRO
VECTOR,100 PRO
VECTOR,85 PRO
VECTOR,150
VECTOR,100
VECTOR,75
RUPERT,RUPERT 34 WATER JET
RUPERT,32
RUPERT,28
RUPERT,20
WINDY,SR60
WINDY,SR52 BLACKBIRD
WINDY,SR44 BLACKHAWK
WINDY,SR28
WINDY,46 CHINOOK
WINDY,32 GRAND ZONDA RS
WINDY,27 SOLANO RS
TARGA,32 TF
TARGA,27.1 TF
TARGA,25.1 TF
RYDS,735 VI
RYDS,630 VI Mid C
RYDS,550 VI Sport
RYDS,550 VI Mid C
RYDS,490 VI Sport
PRINCESS,R35
PRINCESS,V60
PRINCESS,V78
PRINCESS,S62
PRINCESS,S66
PRINCESS,S78
PRINCESS,F55
PRINCESS,F62
PRINCESS,F70
PRINCESS,Y78 MOTOR YACHT
PRINCESS,Y85 MOTOR YACHT
PRINCESS,Y95 MOTOR YACHT
PRINCESS,X80
PRINCESS,X95
NORDKAPP,RS 800 C
NORDKAPP,RS 705 E
NORDKAPP,RS 705 A
LINJETT,39
HR,445 STD
HR,392 STD
GRANDEZZA,28 DC
FORBINA,42 CC
FINNMASTER,R5
FINNMASTER,S5
DELTA,60 OPEN
DELTA,340 SW
CRESCENT,465 SC
CRESCENT,405 R
CRESCENT,465 R
CRESCENT,560 R/SC/CC
CRESCENT,550 HT
YAMARIN,88 DC PREMIUM
YAMARIN,63 DC
TERHI,TENDER
TERHI,TENDER GREEN
TERHI,385
TERHI,SAIMAN SOLAR
SUZUMAR,DS-390AL
SILVER,FOX BR
SILVER,FOX AVANT
SILVER,SHARK CCx
SANDSTRÖM,CLASSIC 495 SPORTFISH S
SANDSTRÖM,CLASSIC 495 R
SANDSTRÖM,CLASSIC 460 R
SANDSTRÖM,CLASSIC 430 S
SANDSTRÖM,BASIC 495 S
SANDSTRÖM,BASIC 465 S
SANDSTRÖM,BASIC 460 R
SANDSTRÖM,BASIC 425 S
RHEA MARINE,32 HB Timonier
RHEA MARINE,Trawler 47
RHEA MARINE,Trawler 43
RHEA MARINE,Trawler 36
RHEA MARINE,Trawler 34
RHEA MARINE,35 Open
RHEA MARINE,32 HB Open
RHEA MARINE,850 Open
QUICKSILVER,ACTIV 905 WEEKEND
QUICKSILVER,ACTIV 805 CRUISER
QUICKSILVER,ACTIV 755 CRUISER
QUICKSILVER,ACTIV 755 WEEKEND
QUICKSILVER,ACTIV 675 BOWRIDER
QUICKSILVER,ACTIV 675 CRUISER
QUICKSILVER,ACTIV 675 WEEKEND
QUICKSILVER,ACTIV 605 BOWRIDER
QUICKSILVER,ACTIV 605 CRUISER
QUICKSILVER,ACTIV 555 CABIN
QUICKSILVER,ACTIV 555 BOWRIDER
QUICKSILVER,ACTIV 455 OPEN
QUICKSILVER,805 PILOTHOUSE
QUICKSILVER,705 PILOTHOUSE
PIONER,15 ALLROUND
PARAGON,25 CABIN
NORD STAR,28+
GALEON,800 FLY
FASTER,495 CC
FASTER,460 i
BUSTER,XXL V Max Edition
BUSTER,XL V Max Edition
BUSTER,XSr
BRABUS MARINE,Shadow 900 XC black ops limited edition
BRABUS MARINE,Shadow 900 black ops limited edition
BRABUS MARINE,Shadow 500 Cabin black ops limited edition
BRABUS MARINE,Shadow 900 XC
BRABUS MARINE,Shadow 900
BAYLINER,VR6 Cuddy
BAYLINER,VR6 Bowrider
BAYLINER,VR5 Bowrider
BAYLINER,VR4 Bowrider
BAYLINER,170 Bowrider
BAYLINER,160 Bowrider
BAYLINER,T22CX
BAYLINER,T22CC
BAYLINER,T20CX
BAYLINER,T20CC
BAYLINER,T21Bay
BAYLINER,DX2250
BAYLINER,DX2200
BAYLINER,DX2050
BAYLINER,DX2000
BAYLINER,Element E21
BAYLINER,Element E18
BAYLINER,Element E16
BAYLINER,742R
AXOPAR,37 Spyder
AXOPAR,22 Spyder
ASKELADDEN,P60 Multi
ANYTEC,622 SP
ANYTEC,622 SPD
ANYTEC,750 SPD CLASSIC
ALUKIN,DPW 750
ALUKIN,CWA 850
ALUKIN,CWA 750
BAVARIA,S36
BAVARIA,S29 OPEN
BAVARIA,SR 41
BAVARIA,R55
BAVARIA,VIDA 33
BAVARIA,EASY 9.7
BAVARIA,CRUISER 51 STYLE
BAVARIA,CRUISER 41S
BAVARIA,C50
BAVARIA,VISION 46
BAVARIA,CRUISER 46 STYLE
BAVARIA,C38
BAVARIA,S33
BAVARIA,S40
BAVARIA,C42
BAVARIA,CRUISER 34
BAVARIA,S 30 OPEN
ARRONET,30 CC i
ARRONET,30 CC s work
ARRONET,28 Surprise i work
ARRONET,28 Surprise i
ARRONET,28 CC i work
ARRONET,28 CC i
ARRONET,28 CC work
ARRONET,23 5 Surprise s work
ARRONET,23 5 Surprise i
ARRONET,20 5 SPA
ARRONET,16 SPO
ARCONA,385
GALEON,700 SKYDECK
GALEON,410 HTC
GALEON,360 Fly
NORD STAR,33+
ASKELADDEN,C80 Cruiser
BELLA,550 R
FLIPPER,650 ST
FLIPPER,600 ST
ALUKIN,SPW 750
ALUKIN,WA 950
ALUKIN,PRO FISHING 650
SAXDOR,200
VIGGO,C10 OFFSHORE
ARCONA,345
DEHLER,30od
DEHLER,38SQ
DEHLER,46
FLIPPER,900 DC
BRIG,EAGLE 3.5
FAIRLINE,Targa 38 Shadow-S
SUZUMAR,DS-380FDJ
CAPELLI,CAP 315 Osia
CAPELLI,CAP 32 WA
CAPELLI,CAP 21.5 WA
CAPELLI,CAP 25 Open
CAPELLI,CAP 20.5 Open
CAPELLI,Tempest 50
CAPELLI,Tempest 38
CAPELLI,Tempest 1000 WA SWE
CAPELLI,Tempest 900 WA SWE
CAPELLI,Tempest 850 SWE
AMT,190 BR Aluminium
AMT,175 BR Aluminium
AMT,190 R Aluminium
X SHORE,EELTREK 8000
KIMPLE,Z600
KIMPLE,548 Sniper
VICTORY,570 Cruiser
VICTORY,570 Open
VICTORY,515 Open
RMSC,530 F DC
RMSC,Master PRO 700 DC
RMSC,Master PRO 500 CC
REALCRAFT,480 BR
REALCRAFT,510 Fish Pro
REALCRAFT,600 Cabin
NORTHSILVER,585 Fish
NORTHSILVER,Eagle Cabin 655
NORTHSILVER,Husky 650 SF
NORTHSILVER,470
NORTHSILVER,545 Fish
PARAGON,31 FLYBRIDGE
NIMBUS,Tender 8
NIMBUS,Commuter 11
DELTA,T26
CANDELA,Seven
RAND,Escape 29
RAND,Mana 23
RAND,Archipelago 30
RAND,Grand Turismo 26
RAND,Spirit 25
WESTLINE,260 SPORT
EBOAT,Sunny Cat
SUVI,57 CC Fisher
FINNMASTER,R6
FINNMASTER,T6
JEANNEAU MOTORBÅT,MERRY FISHER 695 SÉRIE 2
SILVER,Beaver BR
SILVER,Viper DCz
FASTER,570 SC
FASTER,570 CC
UMS BOATS,585 DC
UMS BOATS,655 DC
UMS BOATS,545 DC
UTTERN,S53
AMT,165 BR
PEGAZUS,605
PEGAZUS,560 Top Fisher
KIMPLE,460 Zander
TINN-SILVER,450 Sport
TINN-SILVER,390
KAASBÖLL,590
CARISMA,615 Tender
GREATWHITE,Xplorer 395
GREATWHITE,DLX 360
GREATWHITE,DLX 390
GREATWHITE,DLX 560
VOLZHANKA,FISHPRO 46
MICORE,XW63CC
MICORE,460 FLEXIBLE
MICORE,XW57SC
HIGHFIELD,CLUB 530
HIGHFIELD,CL 380
HALLBERG-RASSY,40C
X SHORE,EELEX 8000
IBIZA,811 TOURING
Northmaster,535 Open
TÄRNSKÄR,24.1
SEAMASTER,210 WA
BRIG,EAGLE 4
ASKELADDEN,P76 Weekend
ASKELADDEN,P92 SUV
YAMARIN,60 DC
WINDY,37 SHAMAL
WINDY,32 GRAND ZONDA
X SHORE,EELORD 6000
BENETEAU UTOMBORDARE,FLYER 8 SUNDECK
PRINCESS,F45
AXOPAR,37 XC Cross Cabin
ARRONET,28 CC
RUPERT,R7
SANDSTRÖM,Z63 EXPEDITION
HIGHFIELD,DL 290
HIGHFIELD,RU 230
TERHI,480 BR
TERHI,480 Sport
RYDS,484 VI
RYDS,538 BF
RYDS,398
FAIRLINE,SQUADRON 68
TG,7.9 King Cruiser
NORD STAR,31+
ZODIAC,Pro 470
GALEON,780 CRYSTAL
GALEON,650 SKYDECK
GALEON,560 SKYDECK
GALEON,550 FLY
GALEON,510 SKYDECK
GALEON,500 FLY
GALEON,430 HTC
GALEON,420 FLY
GALEON,405 HTL
GALEON,365 HTS
GALEON,335 HTS
GALEON,310 HTC
GALEON,305 OPEN
GALEON,425 HTS
GALEON,400 FLY
GALEON,680 FLY
GALEON,300 Fly
QUICKSILVER,410 SL
QUICKSILVER,450 SF
FAIRLINE,TARGA 45 OPEN
FAIRLINE,F//LINE 33
SUVI,440
SUVI,4500
XO,260 DFNDR
XO,260 T-TOP
BUSTER,XXL
BUSTER,XL
Cape RIB,75
Cape RIB,66
JEANNEAU SEGELBÅT,Sun Odyssey 319
X-YACHTS,XC 38
SEALINE,C390
VOLZHANKA,Voyager 700 Open
NORD STAR,36 Patrol
NORD STAR,42 Patrol
JEANNEAU SEGELBÅT,SUNLOFT 47
BENETEAU SEGELBÅTAR,Figaro 3
BENETEAU SEGELBÅTAR,First 18
VECTOR,85
UMS BOATS,750 HT
XO,260 CABIN
GALEON,460 FLY
Mongird,25
PRINCESS,F50
HANTERBARA BÅTAR,Fred 20
Enksail,Nk 43
ANGUS,A10 Utombordare
ANGUS,A10 Inombordare
DAHL,33
HANSE,458
ALUCRAFT,540 sp
ALUCAT,W10 Tour
Aira,22
COASTER,600 DC
ALUTEC,LC 700
BRIG,EAGLE 6.7
VIKNES,1060
HR,600 Fishing
BENETEAU SEGELBÅTAR,OCEANIS 46.1
X-YACHTS,X4.0
JEANNEAU SEGELBÅT,SUN LOFT 47
LAGOON,46
NORDKAPP,GRAN COUPE 905
NORDKAPP,NOBLESSE 720
BENETEAU UTOMBORDARE,ANTARES 9
Tender Queen,28
Northman,1200
GRAND,6 DRIVE
UTTERN,T59
UTTERN,S59
UTTERN,D59
REVOLT,860
HANSE,418
BRANDSKÄR,290 OPEN
AMT,210 BR
PIONER,TRIO
IRON,647
TERHI,450
SILVER,Tiger BRz
TERHI,450 C
FASTER,525 SC
FASTER,635 SC
FASTER,545 CC
ALUCAT,W25
NORD STAR,Sport 25 Open
NORD STAR,Sport 25 T-top
DAHL,32
FLIPPER,700 DC
FLIPPER,800 DC
FLIPPER,650 DC
FLIPPER,900 ST
GREENLINE,40
GREENLINE,Neo Coupe
GREENLINE,Neo Hard Top
GREENLINE,Neo Open
AMT,210 DC
CAPELLI,Tempest BR 65
HYDROLIFT,X-26 S
RAPSODY,Tender
SEAFARING YACHTS,34
CORMATE,Chase 34
HIGH COAST,9
HIGH COAST,7
ALUTEC,750
ALUTEC,610
TINN-SILVER,530
TINN-SILVER,700 Offshore
TINN-SILVER,600 Cabin
STINGRAY,204LR
STINGRAY,198LX
X SHORE,EELEX 6500
SUZUMAR,DS-410CC
MARLIN,24 SR
FRAUSCHER,1414 Demon
FRAUSCHER,Fraucher 1017 GT
FRAUSCHER,858 Fantom
FRAUSCHER,747 Mirage
FRAUSCHER,747 Mirage Air
CARISMA,600 Tender
CARISMA,700 Sloep
CARISMA,710 Tender
CARISMA,620 Tender
CARISMA,610 Tender
OSKWIG,Pike
KIMPLE,550 Adventure
KIMPLE,365 Catch
KIMPLE,420 Streamer
TRACKER,Grizzly 1754 Jon
UMS BOATS,865 HT
ARRONET,30 Surprise Work
ARRONET,25 Surprise i
SELVA,CRT 365 P
Northman,Nexus 870
PIONER,MULTI III
PIONER,14 FISHER
VOLZHANKA,Voyager 960
VOLZHANKA,Vogager 700
VOLZHANKA,Yava XL
VOLZHANKA,Yava M
VOLZHANKA,Fishpro 54
MICORE,Xw48sc
GRISSLAN,498
BRABUS MARINE,Shadow 500
BRABUS MARINE,Shadow 800 limited edition
BRABUS MARINE,Shadow 500 black ops limited edition
YAMARIN,47 TC
BUSTER,Mini Sport
MARINO,630 Open
GREATWHITE,270A
HIGHFIELD,DL 390
HIGHFIELD,DL 540
HIGHFIELD,PATROL 860
HIGHFIELD,PATROL 600
SHOGUN,50
ARCONA,465 Carbon
NAJAD,570 cc
SILVER,Tiger DCz
ALUMACRAFT,Classic 165 Sport
ALUMACRAFT,MW 2072 AW Bay
TRACKER,PROTEAM 175 TWX
RANGER,VS 1670 DC
GRAND,GOLDEN LINE G750L
GREATWHITE,700 PRO
GREATWHITE,380
HIGHFIELD,DL 460
KIMPLE,460 Adventure
TERHI,450 CC
AQUADOR,25 DC
AQUADOR,25 HT
IRON,707
IRON,767
ANYTEC,A30
YAMARIN,88 DC
YAMAHA,Waverunner FX SVHO
MAREX,360 CC
FINNMASTER,P6
FALCON,C 7
YAMARIN CROSS,62 BR
BELLA,640 DC
PRINCESS,V50 Open
UMS BOATS,550 CC
MICORE,Xw53cc
UTTERN,T53
ALUMACRAFT,MW 1860 AW Bay
BRIG,EAGLE 8
ASKELADDEN,P79 Weekend
NIMBUS,Tender 11
ANYTEC,A27C
ANYTEC,A21
CR,470
ARRONET,20 5 SUR
VOLZHANKA,Fish 46
HYDROHULL,498R
CHRIS CRAFT,Corsair 30
TG,5.9
SILVER,HAWK BR
SILVER,SHARK BR
SILVER,EAGLE BR
SILVER,Raptor DCz
BENETEAU UTOMBORDARE,Barracuda 6
RAND,Leisure 28
FAIRLINE,TARGA 29
PERSHING,5X
FAURBY,460E
SKILSÖ,39 Panorama
CHRIS CRAFT,Catalina 30
UTTERN,T65
UTTERN,D65
GRAND,850
GRAND,650
GRAND,580
DONZI,38
GOLDFISH,28 Bullet
GOLDFISH,X9
NAJAD,505 CC Next Generation
SANDSTRÖM,565 AC Diesel
SANDSTRÖM,CLASSIC 565 CC
COASTER,640 SC
SNIPAN AF MUSÖ,22
SUNSEEKER,MANHATTAN 52
SEA RAY,320 Sundancer
HANSE,388
MOODY,45 DS
BENETEAU UTOMBORDARE,ANTARES 7
BENETEAU UTOMBORDARE,ANTARES 6
RIVA,RIVAMARE 38
BRANDSKÄR,290 Classic
BRANDSKÄR,290 Next Generation
BAVARIA,C45
NUVA,M6
BENETEAU INOMBORDARE,SWIFT TRAWLER 35
CHRIS CRAFT,CORSAIR 34
CHRIS CRAFT,CORSAIR 27
UMS BOATS,750 DC
UMS BOATS,600 CC
SEACAT,850
SEACAT,450
TARGA,37
REALCRAFT,200 Pro
REALCRAFT,190 BR Light
GALEON,370 HTC
NORDKAPP,NOBLESSE 660
ELAN,GT 5
NIMBUS,Commuter 9
PRESTIGE,750
LAGOON,50
LAGOON,40
MICORE,530
MARELL,900 WA
Nor-Tech,390 Sport
HANSE,348
HABER,800
AM,Adventure 780
AM,Open 750
DIVA,24 SC
ARCONA,435
ARRONET,18 C
AMT,230 GP
AMT,190 R
ALUKIN,SCR 950
ARRONET,30 Surprise i
X-YACHTS,X4.6
HALLBERG-RASSY,57
LASERPERFORMANCE,Bug
LASERPERFORMANCE,Bahina
GRISSLAN,650 AC
HIGHFIELD,600
HIGHFIELD,PATROL 760
MICORE,460 Fishing
SMARTLINER,Pro 500
ARRONET,27 CC
UMS BOATS,410 CC
UMS BOATS,410 DC
UMS BOATS,410 M
UMS BOATS,460 DC
UMS BOATS,500 CC
UMS BOATS,500 DC
GRAND,G380
GRAND,G420
GALA,A330L
GALA,A360L
GALA,V500
LINDER,ARKIP 530 BR
AZIMUT,Atlantis 34
RAND,Picnic 18
STING,730 Fast Track
STING,600 PRO
GREATWHITE,510 Aluminium
GREATWHITE,420 Sport
GREATWHITE,420 Aluminium
GREATWHITE,330 Sport Edition
GREATWHITE,330
BAYLINER,VR 4 OE
ASKELADDEN,C76 Cruiser TSI
ZODIAC,Pro 5.5
ZODIAC,Pro 7
ZODIAC,Classic Heritage MKII
BELLA,620 C
FALCON,BR 8
FALCON,BR 7
FALCON,BR 6
FALCON,BR 5
TRACKER,SuperGuide V16SC
TRACKER,Targa V19 Combo
MAKO,18 LTS
NITRO,Z18
NITRO,ZV18
NITRA BOATS,22 P
NITRA BOATS,22 R
NITRA BOATS,29
HR,480 BR
FASTER,625 SC
FASTER,545 SC
FASTER,625 CC
SUVI,57 Duo
SUVI,50 Duo
SUVI,47 Duo
SUVI,45 Duo
BUSTER,M1
BUSTER,S1
BUSTER,Phantom Cabin
JEANNEAU MOTORBÅT,Merry Fisher 1095
JEANNEAU MOTORBÅT,Cap Camarat 9.0 WA
JEANNEAU MOTORBÅT,Cap Camarat 9.0 CC
GRANDEZZA,37 CA
MS BOAT,C 950 WT
MS BOAT,C 800 WT
ALUCRAFT,24 DP
ALUCRAFT,540 DP
ALUCRAFT,640 DP
MARINE,Family 500
WESTLINE,365 Sport Coupé
MARELL,700 SC
VOLZHANKA,50 FishPro
VOLZHANKA,Voyager 700 Cabin
VOLZHANKA,Yava 510
Stora Ekholmen,Revolt 35RS
SEAFARING YACHTS,44 Flybridge
SEAFARING YACHTS,44 Coupe
GREENLINE,39
KIMPLE,498 Sniper
KIMPLE,440 Adventure
KIMPLE,460 Explorer D
XO,270 Cabin OB
XO,Explorer
ALUCAT,W8
TARGA,27.2
GALEON,470 SKYDECK
DELTA,80 IPS
ALUKIN,PRO FISHING 750
Nor-Tech,390 cc
Nor-Tech,450 cc
Nor-Tech,5000 Vee
Nor-Tech,340 cc
Invictus,250 CX
Invictus,200 FX
X SHORE,eElectric 8000 Smögen Edition
AlloyCraft,J500
AlloyCraft,J410
MARINO,Mustang
KAR-Marine,"RaceCat 4,5"
NIMBUS,Tender 9
FAIRLINE,Phantom 48
STABICRAFT,2400 supercab
STABICRAFT,2750 ultra center cab
GRISSLAN,650 C
SANDSTRÖM,625 CC
ARRONET,16 SP
RYDS,486 BF
RYDS,448 SPORT
TRACKER,1658
UTTERN,S65
VIPER,V223
STING,630 FAST TRACK
BRIG,EAGLE 5
BRIG,EAGLE 10
BRIG,EAGLE 6
ANYTEC,A27
ANYTEC,A23
SEA RAY,230 SUN SPORT
GRAND,GOLDEN LINE G500
GRAND,GOLDEN LINE G580
GRAND,GOLDEN LINE G650
GRAND,GOLDEN LINE G850
GREATLINE,315 DC
GREATLINE,230 WA
GREATWHITE,420
GREATWHITE,510
QUICKSILVER,ACTIV 875 SUNDECK
BUSTER,SUPERMAGNUM
BUSTER,MAGNUM
ASKELADDEN,C83 Cruiser TSI
KARNIC,KARNIC SMART1-55
SANDÖ,ARTIC 840S
RS SAILING,ZEST
RS,TERA
ALUMACRAFT,Jon 1236
LARSON,2020 DC
SMARTLINER,21
CARVER,C37
CORMATE,UTILITY 23
NITRA BOATS,22 SUPER SPORT
RHEA MARINE,850 Timonier
RHEA MARINE,750 Open
RHEA MARINE,27 Open
OCKELBO,B21 CAB
OCKELBO,B16AL Fishing
MORE BOATS,40
AXOPAR,28 T-Top
AXOPAR,28 Open
AXOPAR,28 Cabin
NIMBUS,Weekender 9
CHRIS CRAFT,Launch 20
DUFOUR,56 Exclusive
ALUCAT,W14
NAJAD,395 CC
MYSINGEN,395 CC (för-premiär i utställningstält:)
NAJAD,395 AC
XO,Cruiser
RIB UNLIMITED,7R
Carbotech,38
GRAND,G580
RM,970
HYDROLIFT,X-22
BAVARIA,E34
FAREAST,RIB 580
BAYLINER,VR4
NORDKAPP,ENDURO 805
SILVER,EAGLE 640 BRx
HIGHFIELD,PATROL 660
IBIZA,760 TOURING
GRANDEZZA,34 OC
MAREX,373 ACC
VOLZHANKA,54
VOLZHANKA,46
Swede Ship,40
JEANNEAU SEGELBÅT,Sun Odyssey 440
FAIRLINE,Targa 47
FAIRLINE,Targa 38 GT
FAIRLINE,TARGA 58 GT
ASKELADDEN,C 76
HABER,700MSD
Tender Queen,23
PRINCESS,V40
GEMI,625
GEMI,530
DELTA,33 Coupé
SEA RAY,slx 250
SEA RAY,spx 230
SEA RAY,spx 210
SEA RAY,spx 190
HALLBERG-RASSY,340
AQUADOR,30 HT
BAVARIA,S 45
ARRONET,235 CC WORK
ALUKIN,SCR 850
ALUKIN,CW 850
DAHL,25
CHRIS CRAFT,CAPRI 25
WINDY,27 SOLANO
DRACO,27 RS
DRACO,22 RS
TARGA,46
MARIL,6NXT
MCCONAGHY BOATS,KER 40+
MCCONAGHY BOATS,MC 31
MANHOLM,55
SEAMASTER,210 CLASSIC
CRANCHI,43 HT
PRINCESS,V42 2009-
BRIG,FALCON 330T
CRANCHI,Endurance 27
BRIG,Navigator 520 Jockey
BRIG,Navigator 700 Jockey
BRIG,Navigatorn 520 Pilot
BRIG,Navigator 570 Pilot
BRIG,NAVIGATOR 700 PILOT
BRIG,NAVIGATOR 570 JOCKEY
BRIG,NAVIGATOR 610 JOCKEY
BRIG,EAGLE 780 OVERNIGHTER
NORDIC,33
NORDIC,22 DC
TARGA,30.1
TAKACAT,380 Sport
HANSE,588
BENETEAU UTOMBORDARE,BARRACUDA 8
CRANCHI,Endurance 30
CRANCHI,Mediterranee 47
PRINCESS,S60
LAGOON,42
LAGOON,52
PRESTIGE,500 Fly
Invictus,280 GT
Långsjösnipan,Långsjösnipan
MARELL,900 CC
HOC YACHTS,HOC 33 Cruiser
GOLDFISH,29 Sport
GOLDFISH,28 Tender
VIKNES,1080
BENETEAU SEGELBÅTAR,OCEANIS 38.1
CHRIS CRAFT,Capri 21
PURSUIT,C 238 Center Console
SANDSTRÖM,565 CC
ARRONET,18 SPO
RYDS,620 Mid-C
FAREAST,19R
SAGA,320 HT
NAUTUS,7-50
DIVA,34 SC
UMS BOATS,UMS 600 PL
BAYLINER,855 Cruiser
BAYLINER,VR6
BAYLINER,175 BR E
ATLANTIC MARINE,655 SUN CRUISER
ATLANTIC MARINE,750 OPEN
HR,330 STD
JEANNEAU SEGELBÅT,SUN ODYSSEY 519
JEANNEAU SEGELBÅT,SUN ODYSSEY 419
JEANNEAU SEGELBÅT,SUN ODYSSEY 389
JEANNEAU MOTORBÅT,MERRY FISHER 855 MARLIN
JEANNEAU MOTORBÅT,MERRY FISHER 795 MARLIN
JEANNEAU MOTORBÅT,MERRY FISHER 895
JEANNEAU MOTORBÅT,MERRY FISHER 795
JEANNEAU MOTORBÅT,MERRY FISHER 605
JEANNEAU MOTORBÅT,CAP CAMARAT 7.5 WA
JEANNEAU MOTORBÅT,CAP CAMARAT 5.5 WA
JEANNEAU MOTORBÅT,CAP CAMARAT 7.5 DC
JEANNEAU MOTORBÅT,CAP CAMARAT 6.5 DC
JEANNEAU MOTORBÅT,CAP CAMARAT 6.5 CC
JEANNEAU MOTORBÅT,CAP CAMARAT 5.1 CC
JEANNEAU MOTORBÅT,CAP CAMARAT 4.7 CC
JEANNEAU MOTORBÅT,CAP CAMARAT 6.5 BR
JEANNEAU MOTORBÅT,CAP CAMARAT 5.5 BR
WHALY,440
MANKO,25
NEXTLINE,430
NEXTLINE,460
TRACKER,175 Pro Guide
GRANDEZZA,25 S
SELVA,630
VIPER,283 TOXIC
LARSON,190  LX
KARNIC,SMART ONE 48
KARNIC,2255 Storm
KARNIC,SL 702
KARNIC,SL 600
MAREX,310 SUN CRUISER
STING,470
STINGRAY,250 CR
LARSON,FX 1750
OLYMPIC,580 BR
UMS BOATS,550 DC
DAHL,23
PRINCESS,49
HR,602 CC
NORDKAPP,Avant 705 Ranger
RUPERT,R8
RYDS,438 BF
ALUMACRAFT,COMPETITOR 165
ATLANTIC MARINE,490 open
ATLANTIC MARINE,780 Adventure
ASKELADDEN,C65 Center Console
MORE BOATS,55
XO,DFNDR
AQUADOR,35 AQ
SANDSTRÖM,S565CC
SANDSTRÖM,CLASSIC 495 SPORTFISH R
SANDSTRÖM,CLASSIC 460 S
SANDSTRÖM,BASIC 460 S
SANDSTRÖM,BASIC 380 R
SANDSTRÖM,BASIC 340 R
STING,700 WE
STING,475 PRO
GLASTRON,GTSF 205
GLASTRON,GTSF 200
GLASTRON,GTSF 185
GLASTRON,GTSF 180
GLASTRON,GTS 245
GLASTRON,GTS240
GLASTRON,GTS 225
GLASTRON,GTS 207
GLASTRON,GTS 205
GLASTRON,GTS 200
GLASTRON,GTS 187
GLASTRON,GTS 180
GLASTRON,GTX 185
GLASTRON,GT245
GLASTRON,GT240
GLASTRON,GT 229
MONTEREY,218 SURF
MONTEREY,197 OB
MONTEREY,204 FS/FSX
NIMBUS,365 Coupé
MONTEREY,238 SS
MONTEREY,218 SS
GLASTRON,GT207
GLASTRON,GT 200
GLASTRON,GT187
RYDS,628 DC
RYDS,488 TWIN
DELTA,88ips
TERHI,475 BR
FINNMASTER,HUSKY R8S
FINNMASTER,PILOT 7 W
FINNMASTER,S6
BAVARIA,SPORT 29
BAVARIA,SPORT 450
CAPELLI,Tempest 40 SWE
CAPELLI,Tempest 850 WA SWE
CAPELLI,Tempest 800 SWE1
CAPELLI,Tempest 650 SWE
CAPELLI,Tempest 800 SWE
AXOPAR,37 Sport Cabin
BAVARIA,SPORT 400
BAVARIA,R40
BAVARIA,E40
BAVARIA,C57
QUICKSILVER,690 ARVOR
QUICKSILVER,730 ARVOR
QUICKSILVER,810 ARVOR
QUICKSILVER,ARVOR 280
QUICKSILVER,605 PILOTHOUSE
QUICKSILVER,675 PILOTHOUSE
QUICKSILVER,755 PILOTHOUSE
QUICKSILVER,ACTIV 455 CABIN
QUICKSILVER,ACTIV 755 SUNDECK
QUICKSILVER,ACTIV 755 OPEN
QUICKSILVER,ACTIV 805 PRO FISH
QUICKSILVER,ACTIV 805 OPEN
AQUADOR,24 DC
NORDKAPP,NOBLESSE 790
NORDKAPP,AVANT 705
NORDKAPP,AVANT 605
NORDKAPP,AVANT 550
CRESCENT,620 DORADO GREYLINE
TERHI,475 Twin C
TERHI,NORDIC 6020 C
TERHI,445 C
TERHI,SAIMAN SUNWIND
TERHI,SAIMAN HUNTER
TERHI,BABY GREEN
AXOPAR,28 Open Cabin
AXOPAR,24 T-Top
AXOPAR,24 Hard Top
AXOPAR,24 Open
AXOPAR,37 T-Top
AXOPAR,37 Sun-Top
AXOPAR,37 Cabin
AXOPAR,37 Aft Cabin
FINNMASTER,HUSKY R5
BAYLINER,VR5 CUDDY
BAYLINER,ELEMENT XR7
BAYLINER,215 DECK BOAT
BAYLINER,210 DECK BOAT
BAYLINER,195 DECK BOAT
BAYLINER,190 DECK BOAT
BAYLINER,ELEMENT E7
BAYLINER,ELEMENT E6
BAYLINER,ELEMENT E5
BAYLINER,ELEMENT CC7
BAYLINER,ELEMENT CC6
BAYLINER,ELEMENT CC5
BAYLINER,VR 6 BR
BAYLINER,180 BR
BAYLINER,170 BR
ASKELADDEN,C65 Bow Rider
SILVER,EAGLE BRx
SILVER,Shark BRx
BELLA,485 R
HR,325
HR,340
HR,400
HR,430 STD
HR,470
HR,442 SC
HR,630 WA
FLIPPER,640 Sport Top
YAMARIN,49 BR
YAMARIN CROSS,46 SC
YAMARIN,68 DC
YAMARIN,79 DC
BUSTER,Phantom
BUSTER,XL Pro
UTTERN,T70
UTTERN,C87
UTTERN,D70
RYDS,488 MidC
RYDS,548 DUO
RYDS,548 MidC
RYDS,548 Sport
BENETEAU SEGELBÅTAR,Sense 57
BENETEAU SEGELBÅTAR,Sense 51
MCCONAGHY BOATS,MC 38
ANYTEC,1221 SPD
ARRONET,18
ARRONET,30 CCI WORK
ARRONET,23 5 CC
ARRONET,23 5 Surprise
FAREAST,31R
ARCTIC BOATS,COMMUTER 25
J/BOATS,J/97
CR,410 PERFORMANCE
MOODY,DS45
EKÖ,EKÖ 20
BELLA,700 BR
BELLA,500 BR
BAYLINER,842
BAYLINER,VR5
ROW GENERATION,LITE RIVER
ROW GENERATION,LITE SPORT
ROW GENERATION,"VAGABOND 4,7"
BENETEAU INOMBORDARE,GRAND TURISMO 40
JEANNEAU MOTORBÅT,605
HABER,20 MINI REPORTER
TITO,NEMO 600 OUTBOARD
RAND,PICNIC SPORT
HALLBERG-RASSY,44
SIRIUS,35DS
DEHLER,34
BENETEAU SEGELBÅTAR,Beneteau Oceanis 41.1
ISLOEP,RAPIDA 666
ISLOEP,735
F-RIB,460RF
F-RIB,360RF
F-RIB,275 RF
SEACAT,650
ÖRNVIK,610 -1977
SAGA,370 HT
HAVABOATS,HAVA 700
CAPELLI,CAP 25 WA
GRANDEZZA,28 OC
NORDSHIP,NORDIC CRUISER
GALEON,485 HTS
ASKELADDEN,P66 Multi
ASKELADDEN,P66 Sport
ASKELADDEN,P80 Pilothouse
ASKELADDEN,C61 Cruiser
FORSATIO YACHTS,YD-41
ASKELADDEN,C75 Center Cabin
JEANNEAU SEGELBÅT,SUN ODYSSEY 449
AGAPI,800
MARELL,850 WA
SOLARIS,42
ARRONET,24 5 Surprise
FUTURA YACHTSYSTEM,FUTURA CATAMARAN
UMS BOATS,600 DC AL
ULTIMA,C 650
FOUNTAINE PAJOT,HELIA 44
X-YACHTS,X4.3
FAURBY,363E
DELPHIA,ESCAPE 1150V
DELPHIA,46
JEANNEAU MOTORBÅT,"6,5 BR"
JEANNEAU MOTORBÅT,795 MERRY FISHER MARLIN
JEANNEAU MOTORBÅT,795 MERRY FISHER CABIN
BUSTER,XXLe
BUSTER,S2
YAMARIN,81 DC
YAMARIN CROSS,65 BR
FINNMASTER,P7 WEEKEND
TÄRNSKÄR,32
TÄRNSKÄR,25
XO,360
FAREAST,23R
AMT,175 BR
ISLOEP,585
AQUADOR,24 HT
ARRONET,30 CC
ARRONET,24 5 CXP
BRYANT,206
STING,610 Bowrider
ITALIA YACHT,"9,98"
JEANNEAU SEGELBÅT,SUN ODYSSEY 479
LAGOON,39
NORD STAR,49 SCY
NORDKAPP,RANGER ENDURO 605
NORDKAPP,RANGER ENDURO 705
NAJAD,450 CC
HANSE,575
SALONA,380
SCANGAARD,26
SEASCAPE,24
TARGA,30
JEANNEAU SEGELBÅT,479
JEANNEAU SEGELBÅT,SUN ODYESSEY 41 DS
GRANDEZZA,40 CA
FASTER,495 CX
DELPHIA,ESCAPE 1150 V
DEHLER,42
CORSAIR,PULSE 600
CORSAIR,CRUZE 970
CAPELLI,TEMPEST 570
CAPELLI,Tempest 700 SWE
CAPELLI,650
BROADBLUE,Rapier 400
BENETEAU INOMBORDARE,SWIFT TRAWLER 30
BALI CATAMARANS,4.5
BALI CATAMARANS,4.3
BALI CATAMARANS,4.0
AMT,190 BR
STING,610 DC
STING,610 S
NORDKAPP,NOBLESSE 605
NORDKAPP,ENDURO 605 RANGER
NORDKAPP,AVANT 605 RANGER
VECTOR,32 WH
BUSTER,L2
BUSTER,L1
NIMBUS,305 Drophead
DUFOUR,560 Grand Large
OCKELBO,B18DC
OCKELBO,B18CC
BENETEAU SEGELBÅTAR,OCEANIS 62
J/BOATS,J-112E
YAMARIN CROSS,54 BR
UTTERN,C77
SKILSÖ,34
SILVER,EAGLE 640 BR
SELVA,680
SEA RAY,19 SPX
SCANDICA,560
ROCAD,498
QUICKSILVER,ACTIV 505 CABIN
MICORE,480 BR OFFSHORE
FINNMASTER,Husky R8
FINNMASTER,Husky R7
FINNMASTER,Husky R6
EPOCA,Sport
CRESCENT,620 Sunray
CRESCENT,6.9 ST
BELLA,550 BR
ASKELADDEN,C65 Cruiser
DUFOUR,520 Grand Large
DUFOUR,412 GRAND LARGE
DUFOUR,460 Grand Large
DUFOUR,360 Grand Large
DUFOUR,45E
PARAGON,31 CABIN
BENETEAU SEGELBÅTAR,OCEANIS 41.1
SARGO,33
SARGO,36 FLY
SARGO,36
SARGO,25
JEANNEAU SEGELBÅT,SUN FAST 3600
JEANNEAU SEGELBÅT,SUN FAST 2600
KISS,T30 CARBON
HWILA,25
FLIPPER,640 ST
FAREAST,18R
ELAN,360
ELAN,320
DUFOUR,310
DRAGONFLY,SPORT 280
C-RIDE,21
CR,480 DS
CAPO,9W
CAPELLI,APNEA 51
BENETEAU INOMBORDARE,SWIFT TRAWLER 50
BENETEAU INOMBORDARE,SWIFT TRAWLER 44
BENETEAU UTOMBORDARE,ANTARES 680
BAVARIA,VISION 42
BAVARIA,CRUISER 51
BALDERRIB,430
BALDERRIB,330
ARVOR,280
ARRONET,27 SPR
ANTILA,27
Amel,55
ALUKIN,DP 650
ALUKIN,CABIN 750
ADVENTURE,55
BELLA,700 RAID
DEXTER,625 OX
HR,602 BR
GLASTRON,GTS 229
COBREY,28SC
BENETEAU INOMBORDARE,MONTE CARLO 5
BUSTER,MAGNUM E
BUSTER,L -2015
BUSTER,S-FISH
NAJAD,415P
Bente24,bente24
ISLOEP,RAPIDA 777
ISLOEP,RAPIDA 750
FINNMASTER,P8
FLEMING,58
DOLMOY,230 FISKER FLEXIDRIVE
SEACAT,750
SEACAT,590
MAXI YACHTS,MAXI 1200
JEANNEAU MOTORBÅT,nc11
LAGOON,40 MY
CARISMA,22 CRUISER
FAURBY,424E
FAURBY,360E
BENETEAU SEGELBÅTAR,OCEANIS 35.1
DUTCHWORKBOATS,SUPPORT BOAT 5.50
VECTOR,25 MC
MASTER,521
MASTER,471
SIRIUS,40DS
PANTHER BOATS,PANTHER 22
PANTHER BOATS,PANTHER 16
ARCTIC AIRBOATS,PE 70
RYDS,548
RYDS,488 SPORT
BAVARIA,SPORT 360
BAVARIA,SPORT 300
BAVARIA,SPORT 330
GRAND SOLEIL,39
SEA RAY,195 SPX
WHITE,23
SANDSTRÖM,CLASSIC 565 AC
DUFOUR,350 GRAND LARGE
CAPELLI,750 X-TREME
FAREAST,28R
ELAN,IMPRESSION 35
DUFOUR,382 GRAND LARGE
BAVARIA,CRUISER 46
MODIUS,34
INFANTA,THUNDERCAT
INFANTA,"RIB 6,7"
VIGGO,C8
SEALINE,C330
FINNMASTER,F68 DC
BUSTER,LE
BUSTER,M2
SALONA,35
QUICKSILVER,905 PILOTHOUSE
STING,600 S
STING,486 S
ZODIAC,Medline 580
LINSSEN,"GS 36,9 AC"
LINJETT,43
FASTER,560
DRAGONFLY,25
DELTA,290 SW
DAHL,22
DAHL,24
DAHL,P10
CHAPARALL,270 SIGNATURE
GLASTRON,GT 160
BAVARIA,CRUISER 41
ARRONET,25 CXI
ARRONET,20 5 CX
ALUKIN,SPORT CABIN 650
HALLBERG-RASSY,43 MK III
HALLBERG-RASSY,40 MK II
HALLBERG-RASSY,48 MK II
IMEXUS YACHTS,IMEXUS 34 DS
HOC YACHTS,HOC 33P Explorer
GARCIA,EXPLORATION 45
KÄRINGÖSNIPAN,22
JEANNEAU MOTORBÅT,855 MERRY FISHER
JEANNEAU MOTORBÅT,755 MERRY FISHER
JEANNEAU MOTORBÅT,MERRY FISHER 695 MARLIN
JEANNEAU MOTORBÅT,CAP CAMARAT 8.5
WESTLINE,360 SPORT
NAUTITECH,OPEN 40
HABER,620
SOLARIS,37
ARCONA,465
WESTLINE,30 SPORT
SEASCAPE,18
SPORTIS,S-6500
SEARIDER,820W
NORD STAR,32 Patrol
LAGOON,450
ALLURES,"39,9"
DUFOUR,383
CR,370
DISCOVERY YACHTS,55 MK II
SAFFIER YACHTS,SE 33
SAFFIER YACHTS,SC 8M CABIN
CONTEST YACHTS,CONTEST 42 CS
REGINA AF VINDÖ,40
CELESTE,COUPÉ
CELESTE,36
CELESTE,THIRTYSEVEN
CAPELLI,Tempest 900 Open SWE
CAPELLI,TEMPEST 770 SUN
CAPELLI,Tempest 44 SWE
HANSE,455
BAVARIA,CRUISER 33
ADVENTURE YACHTS,ADVENTURE 55
JEANNEAU MOTORBÅT,CAP CAMARAT 5.5 CC
YAMARIN,70DC
YAMARIN,70 DC
HIGHFIELD,OM640
RHEA MARINE,730 Timonier
RHEA MARINE,27 Escapade
RHEA MARINE,23 Open
MARELL,650 SC
TÄRNSKÄR,30
GLASTRON,GTS 185
BAYLINER,180 ELEMENT
BAYLINER,160 ELEMENT
GALEON,GALIA 600 HT
GALEON,305 HTS
NORD STAR,30 Patrol
ARRONET,24 5 CC
ARRONET,27 CCI WORK
JEANNEAU MOTORBÅT,CAP CAMARAT 7.5 CC
JEANNEAU MOTORBÅT,695 MERRY FISHER CABIN 2015
OCEANMASTER,640 DL
DAHL,20
FJORD,36 OPEN
YAMARIN,63 HT
QUICKSILVER,ACTIV 805 SUNDECK
PRINCESS,43
NIMBUS,405 Fly
SEALINE,S330
NIVADO,QUADSKI XL
DELTA,400 SW
ADMIRAL,620
ADMIRAL,700
ADMIRAL,650
WHALY,BLUEBOAT
GOLDFISH,29 SUPERSPORT
GOLDFISH,38 SUPERSPORT
TERHI,400 C
SPORTIS,RIB
YAMAHA,SUPER JET RACING
RIBEYE,S785
RIBEYE,A600
RUPERT,R6
RUPERT,R5
QUICKSILVER,555 PILOTHOUSE
STING,535 PRO
ANYTEC,868 CAB
BRIG,NAVIGATOR 700
LOMAC,ADRENALINA 9.5
SEA-DOO,GTR
GREATWHITE,330C
SELVA,EMOTION 600
SELVA,EMOTION 540
SELVA,PRO 550
SELVA,ELEGANCE 5.7
SEA-DOO,RXP260
SEA-TEC,GUMMIBÅT
MAREX,375
NORDKAPP,NOBLESSE 655
NORDKAPP,ENDURO 705
OCKELBO,B18AL
NORDIC OCEANCRAFT,22DC
NORDIC OCEANCRAFT,38
BELLA,700 PATROL
BELLA,600 R
AQUADOR,27 DC
AQUADOR,22 WA
SAGA,365
SAGA,325
ARCTIC BLUE,27 MK II
FAIRLINE,TARGA 48 GT
RS,AERO
FINNMASTER,T7
NIMBUS,305 Coupé
ARVOR,690
ARVOR,730 PILOTHOUSE
EPOCA,OPEN
SARGO,28
SARGO,31
ZODIAC,PRO OPEN 650
HIGHFIELD,CL 260
HIGHFIELD,CL 310
HIGHFIELD,OM390
HIGHFIELD,OM460
TERHI,445
UTTERN,D77
STING,STING
XO,250 OPEN
XO,270 FRONT CABIN
MERCURY,420 OCEANRUNNER
MERCURY,250 AIRDECK
MERCURY,250 ULC
MERCURY,240 DINGHY
BRIG,NAVIGATOR 520
LOMAC,ADRENALINA 8.5
LOMAC,ADRENALINA 7.5
SEA-DOO,SPARK
SEA-DOO,GTI
SEA-DOO,RXP
ADMIRAL,560 PREMIUM
OLYMPIC,620 C
OLYMPIC,520 C
RYDS,628 SPORT
RYDS,628 DUO
RYDS,F548 SPORT
RYDS,628 MID C
RYDS,F548 MID C
RYDS,F548 DUO
RYDS,485 SPORT
SANDSTRÖM,CLASSIC 620MC
SANDSTRÖM,BASIC 465 R
ARRONET,20 5 SPO
ARRONET,24 5 SXP
CRESCENT,ALLURE 20 ELECTRIC
SUZUMAR,DS-350FDJ
YAMAHA,FZ S
YAMAHA,V1 SPORT
YAMAHA,FX CRUISER
ALUMACRAFT,TOURNAMENT PRO 195
ALUMACRAFT,ESCAPE 165
ALUMACRAFT,VOYAGER 175 LE
ALUMACRAFT,ESCAPE 145
KEWATEC,EASY 7.1
COOPER YACHT,800
EMILI,425
EMILI,530
RYDS,F488 SPORT
RYDS,F488 TWIN
RYDS,F488 LIGHT
QUICKSILVER,ACTIV PRO FISH 805
BELLA,600 BR
YAMARIN CROSS,64 BR
FLIPPER,880 ST
ASKELADDEN,C61 Center Console
ASKELADDEN,C61 Bowrider
ASKELADDEN,C75 Cruiser
BUSTER,MAGNUM M5
NORDIC,77
AMT,230 BR
CAMPION,545 I BR
CAMPION,535 I BR
CAMPION,505 I BR
DUFOUR,Dufour 382 Grand Large
DUFOUR,Dufour 350 Grand Large
Zitarra,Z7
TG,6.9
AGAPI,950
AGAPI,750
QUICKSILVER,CAPTURE 280 ARVOR
QUICKSILVER,CAPTURE 250 ARVOR
QUICKSILVER,CAPTURE 230 ARVOR
QUICKSILVER,CAPTURE 215 ARVOR
QUICKSILVER,ACTIV 675 SUNDECK
QUICKSILVER,ACTIV 605 SUNDECK
QUICKSILVER,ACTIV 555 OPEN
TG,7200 KING CRUISER tillv från -06
NAJAD,441
CRESCENT,PIKEMASTER
CRESCENT,552 SC BJÖRNEN
CRANCHI,Clipper 760
BUSTER,M
ARCONA,380
CRESCENT,SALMON V23
ZODIAC,RAID LIMITED EDITION
ZODIAC,N-ZO
YAMARIN CROSS,75 BR
YAMARIN CROSS,57 BR
YAMARIN,56 BR
WETA,WETA
WESTLINE,25 SPORT
VIGGO,X8
VAN WIJK,830 CLASSIC
VALIANT,580 COMFORT
VALIANT,470 SPORT
UTTERN,S45
TERHI,400
SUVI,5700 S DUO
SUVI,4750 S DUO
SUVI,4250 S
SUVI,4180
SUVI,495
SUVI,460
SUVI,420
ADMIRAL,RIVIERA 24
ADMIRAL,570 TRADER
SILVER,WOLF 510 BR
SILVER,SHARK 580 BR
SILVER,EAGLE 650 BR
SILVER,HAWK 540 BR
SILVER,FOX 485 BR
SILVER,FOX 485 AVANT
SEASCAPE,27
SEALVER,WAVEBOAT
SEALINE,F380
SEA RAY,265 SUNDANCER
SEA FORCE ONE,RIB 808
SEA FORCE ONE,COACH-RIB
SCANYACHT,SCANNER 361
SALONA,33
RYDS,F588 SPORT
RYDS,F588 DUO
ROW GENERATION,SCULL
ROW GENERATION,EXPLORER 4.6
RIVAL,470 AVO
QUICKSILVER,CAPTURE 675 PILOTHOUSE
QUICKSILVER,CAPTURE 555 PILOTHOUSE
PURSUIT,ST310
OVINGTON,29:ER
PRINCESS,V35
NYDAM,600 ALU
NYDAM,550 FISK
NYDAM,505 SPORT
NYDAM,500 ALU
NYDAM,490 SPORT
NYDAM,470 SPORT
NYDAM,470 FISK
NYDAM,450 ALU
MASTER,510
JEANNEAU MOTORBÅT,NC9
HR,440 SC
HR,390
HABER,700
HABER,660
GRANDEZZA,40 FLY
GRAND,S550
GRAND,S470
GRAND,S300S
GRAND,S275
GRAND,G650
GRANADA,G380
GRAND,G340
GLASTRON,GT229
GALEON,430 SKYDECK
GALEON,GALIA 750 HT
FOILTWISTER,FOILTWISTER
FINN FLYER,34 GT
FASTER,635 CC
FASTER,525 CC
FASTER,495
FABOLA,DIVA 24 DC
FABOLA,CAMPUS 7.4
DUFOUR,310 GRAND LARGE
CRESCENT,518 ARROW
CRANCHI,ENDURANCE 27 OPEN
COBALT,R5
COBALT,220
CHRIS CRAFT,CORSAIR 32
CHRIS CRAFT,CARINA 21
CHAPARALL,SSI 225
BUSTER,XLE
BUSTER,CABIN
BELLA,630 RC
BELLA,9000
BAYLINER,742
BAYLINER,642
BAVARIA,VIRTESS 420 FLY
ASKELADDEN,P77 Weekend
ARRONET,24 5 SXO
ARRONET,20 5 CS
ARIBOATS,ARI SHUTTLE 32
AQUADOR,30 DC
ANYTEC,530 SPF
ANELL,STORSNIPA
ANELL,SOMMAREKA
ANELL,SKÄRGÅRDSSNIPA
ANELL,HOMMEKA
ANELL,ELINBÅT
ALUKIN,CW 750
ALUCRAFT,20 SP
ALUCRAFT,16 SP
BENETEAU SEGELBÅTAR,SENSE 55
BENETEAU SEGELBÅTAR,SENSE 46
BENETEAU SEGELBÅTAR,OCEANIS 55
BENETEAU SEGELBÅTAR,OCEANIS 48
BENETEAU SEGELBÅTAR,OCEANIS 45
AXOPAR,28 Aft Cabin
UTTERN,S57
FINNMASTER,76 CA
FINNMASTER,61 CA
DRIVE,46 Open
RS,FEVA
GOLDFISH,23 PATROL
BUSTER,Scc
BUSTER,L
PIONER,14 ACTIVE
PIONER,17 FLEXI
SEA RAY,190 sport
ARRONET,24 5 SXT
TAKACAT,LITE 340
TAKACAT,LITE 300
TAKACAT,SPORT 340
TAKACAT,SPORT 300
TAKACAT,SPORT 260
ZODIAC,PRO 420
YAMARIN,57 BR
X-YACHTS,XC 35
WESTLINE,360 SPORT COUPÉ
TRACKER,PROGUIDE 16 WT
STORMER,RESCUE BOAT 65
STING,570 BR
STING,485 S
STING,485
RIBEYE,S 740 SX
RIBEYE,S 650
RIBEYE,A 600
QUICKSILVER,CAPTURE 605 PILOTHOUSE
QUICKSILVER,ACTIV 855 CRUISER
OCKELBO,B16AL
NORDKAPP,605 AVANT
NIMBUS,405 Coupé
NIMBUS,21 NOVA
MONKI RiB,MR23
JEANNEAU SEGELBÅT,SUN ODYSSEY 349
INTER,6900 FISHERMAN
HV,320
HR,532 CC
HIGHFIELD,UL 260
HIGHFIELD,CL 390
HIGHFIELD,CL 340
HIGHFIELD,CL 290
HIGHFIELD,590 OM
HIGHFIELD,500 OM
CRUISERLINE,AZ 279
BRIG,NAVIGATOR 610
BRIG,Navigator 570
BRIG,EAGLE 780
BRIG,EAGLE 650
BRIG,EAGLE 480
BRIG,EAGLE 380
BRIG,EAGLE 340
BRIG,FALCON 500 S
BRIG,FALCON 450 L
BRIG,FALCON 360 S
BRIG,FALCON 330 S
BRIG,FALCON 300 S
BRIG,FALCON 300 L
BRIG,FALCON 275
@SEA,AM 230
WINDY,39 CAMIRA
WINDY,29 COHO
DRACO,26 RS
MINOR,OFFSHORE 36
EPOCA,COUPÉ
SAGA,320 SUN TOP
BENETEAU SEGELBÅTAR,OCEANIS 38
BAVARIA,CRUISER 37
DIVA,24 DC
MICORE,480 SC OFFSHORE
FLIPPER,640 SC
FLIPPER,600 SC
FINNMASTER,PILOT 8.0
FINNMASTER,T8
DELTA,33 OPEN
CRESCENT,465 FLEXI
CRESCENT,625 MC
CRESCENT,465 FISHING
CRESCENT,465 CIRRUS
ATLANTIC MARINE,660 ADVENTURE
ANTARIS,SIXTY6
ADMIRAL,560
ADMIRAL,630 OPEN
SANDSTRÖM,CLASSIC 565
SANDSTRÖM,560 MC
SANDSTRÖM,CLASSIC 510
SANDSTRÖM,CLASSIC 495 S
SANDSTRÖM,CLASSIC 430 R
SANDSTRÖM,BASIC 495 R
SANDSTRÖM,BASIC 425 R
SANDSTRÖM,CLASSIC 495 AC
RYDS,588 WA
RYDS,468 SPORT
BELLA,570 EXCEL
BELLA,535 EXCEL
BELLA,525 R
AQUADOR,35 ST
AQUADOR,30 ST
AQUADOR,27 HT
RIVAL,490 AVO
BENETEAU UTOMBORDARE,ANTARES 7.80
BENETEAU UTOMBORDARE,ANTARES 5.80
AMT,190 HT
AMT,170 R
ADANA,TEST-DATA-1
DEHLER,35 SQ
DEHLER,38
HALLBERG-RASSY,55
KIMPLE,450 ADVENTURE
KIMPLE,410 ADVENTURE
KIMPLE,370 CATCH
KIMPLE,430 CATCH
KIMPLE,300 CATCH
OSKWIG,370
OSKWIG,330
JEANNEAU SEGELBÅT,SUN ODYSSEY 469
ATLANTIC MARINE,900 ADVENTURE
JEANNEAU SEGELBÅT,SUN ODYSSEY 41 DS
ELAN 400,ELAN 400
FAREAST,FAREAST 18
FAREAST,FAREAST 26
YAMARIN CROSS,60 CABIN
YAMARIN CROSS,53 BR
YAMARIN CROSS,49 BR
GRADDO,GRADDO 540
HIGHFIELD,OCEAN MASTER
VAN WIJK,550
VAN WIJK,621 LOUNGE
HIGHFIELD,CLASSIC
HIGHFIELD,ULTRALITE
HIGHFIELD,OCEAN MASTER DL
VAN WIJK,621 CLASSIC
DAHL,27
FAIRLINE,SQUADRON 42
SEA STAR,24 CABIN
HR,432
HR,460 FISHING
RIVAL,415 AVO
RIVAL,430 AVO
RIVAL,490 GOLDFISH
VIKNES,930
MICORE,628 CC OFFSHORE
ARRONET,25 CXIP
DOLMOY,220 FISKER
NORD WEST,430 FLYBRIDGE
EMILI,455
WINDY,CHINOOK 45
J/BOATS,J70
ANYTEC,860 SPD
ANYTEC,747 CAB
GOLDFISH,50
NORDKAPP,ENDURO 605
NORDKAPP,550 AVANT
UTTERN,T57
UTTERN,D57
UTTERN,T51
UTTERN,S51
FLIPPER,640 DC
QUICKSILVER,CAPTURE 755 PILOTHOUSE
FINNMASTER,55 BR
FINNMASTER,PILOT 7.0
GRANDEZZA,33 OC
YAMARIN,63 BR
BUSTER,SUPERMAGNUM t.o.m. 2017
CRESCENT,491 BR
CRESCENT,ALLURE 20 CLASSIC
WINDY,26 KHARMA
FORBINA,42 FLY
SCANDICA,670 RETRO
VILM,37
HANSE,345
SWEDESTAR,415
X-YACHTS,XP 33
VIKNES,830
MÖREBAS,9500
ROSLAGEN 25,ROSLAGEN 25
SEA STAR,670S
SEA STAR,SEA STAR 670S
SHIPMAN,SHIPMAN 28
CAMPION,ALLANTE 595
ÖRNVIK,460 DC
MAREX,320 ACC
AMT,215 PH
FAURBY,424
CAPELLI,TE 625 X-TREME RAID
BENETEAU UTOMBORDARE,BARRACUDA 9
BENETEAU UTOMBORDARE,BARRACUDA 7
BENETEAU UTOMBORDARE,ANTARES 8.80
CR,380 DS
STORMER,TUGBOAT 70
STORMER,TUGBOAT 60
BESTEWIND,50
HANSE,415
DELPHIA,46CC
BAYLINER,212 CUDDY SPORTBOAT
HALLBERG-RASSY,412
FLIPPER,760 DC
FLIPPER,670 ST
BAYLINER,255 SB
AMT,150 R
AMT,185 HT
AMT,230 DC
SEA RAY,305 SUNDANCER
MERIDIAN,391
YAMARIN CROSS,63 BR
ASTRA,400
RIVAL,430 TG
DORAL,ELITE 265
XO,220 S CC
CRESCENT,680 DC
CRESCENT,ALLURE 26
FORBINA,36 CC
ANYTEC,860 CAB
NAUTIQUE,SUPER AIR NAUTIQUE 230
HAMMARINE,SPORTFISHER C7
SKÄRGÅRDSSTRÖVAREN,SKARGARD 24
DUFOUR,36 PERFORMANCE
PARAGON,25 OPEN
GRANDEZZA,39 CA
WILLIAMS,TURBOJET 285
RYDS,F528 WA
RYDS,F528 DUO
SUZUMAR,225
WINDY,31 ZONDA
SEAMASTER,680 BOWRIDER
@SEA,HV320
@SEA,KL270
@SEA,YL260
@SEA,YS370
NIMBUS,34 NOVA
NIMBUS,31 NOVA S
J/BOATS,J/108
VILM,41CR
STING,570 DC
NORDKAPP,NOBLESSE 625
QUICKSILVER,ACTIV 705 CRUISER
QUICKSILVER,ACTIV 675 OPEN
QUICKSILVER,ACTIV 505 OPEN
QUICKSILVER,ACTIV 605 OPEN
ATLANTIC MARINE,730 S
FINNMASTER,62DC
FINNMASTER,61HT
SILVER,WOLF DC 510
SESSA,FLY 40
SESSA,C32
SESSA,KEY LARGO 24 VENTIQUATTRO
SESSA,KEY LARGO ONE
MARIL,795
DRIVE,OPEN 50
MICORE,500CC
ARRONET,23 5 SPO
FLIPPER,670 DC
BELLA,471 R
VIPER,630
CRESCENT,620 C VIRGO
CRESCENT,FLEXI
CRESCENT,491 SC
CRESCENT,491 HT GEMENI
SCANDICA,20 DC EXCLUSIVE
STING,530 S
UTTERN,S62
AQUADOR,35 C
RYDS,F528 SPORT
ARRONET,24 5 CX
NORDKAPP,550 ENDURO
YAMARIN CROSS,53 CENTER CONSOLE
EMILI,600
BRIG,EAGLE 580
ASKELADDEN,P80 Weekend
SANDSTRÖM,CLASSIC  620 MC
SEAMASTER,TRENDLINE 670 SPORTFISHER
SKORGENES,NORDIC ROVER 43
TETIS,TETIS
FINNMASTER,5700DC
RYDS,460
J-CRAFT,TORPEDO
BAVARIA,SPORT 31
GRANDEZZA,27 DC
SALONA,38
DELTA,26 OPEN
DELPHIA,1050 ESCAPE
ARIBOATS,ARI SHUTTLE 30 OPEN
X-YACHTS,XP 38
MALÖ,37
HANSE,HANSE 445
DRAGONFLY,35
GRAND SOLEIL,GRAND SOLEIL 39
VAN DE STADT,PIONIER 9
WESTLINE,34 SPORT COUPÉ
YAMAHA,VXR
T-YACHTS,T-34
T-YACHTS,T-42
TENDERLINE,YOUNGSTER XL
TENDERLINE,YOUNGSTER
TENDERLINE,"ALU RIB 8,0 F"
TAYANA,48
TARGA,32
SIRIUS,310 DS
BENETEAU SEGELBÅTAR,SENSE 43
BENETEAU SEGELBÅTAR,SENSE 50
SAARE,46
SAARE,41
SAARE,38
NORDSHIP,360 DS
NAJAD,505
MARIL,650
LINSSEN,GRAND STURDY 34.9 AC
LINJETT,34
LEOPARD,46
NORDIC OCEANCRAFT,NORDIC 33
HYDROLIFT,SX-22
HYDROLIFT,S-28
HYDROLIFT,C-27 CAB
HYDROLIFT,C-24
HANSE,495
HANSE,385
HANSE,355
GALEON,325 HT
FLEMING,65
FLEMING,55
FINNMASTER,68 WA
FINN FLYER,42
FAURBY,396
FAURBY,363
FAURBY,325
ELAN,210
EF,34
DELTA,54 IPS
DELPHIA,1350 ESCAPE
DELPHIA,37.3
DELPHIA,33.3
DEHLER,41
CORVETTE,340
BUSTER,XXL CABIN
BUSTER,MAGNUM PRO
BENETEAU INOMBORDARE,FLYER GRAN TURISMO 38
BENETEAU SEGELBÅTAR,FIRST 35
BAVARIA,SPORT 43
ARCHAMBAULT,A31
ARCHAMBAULT,M34
CAPELLI,CAP 21 OPEN
MAXUS,21 SCANDINAVIA
GULLHOLMENSNIPAN,23 TR
CATCH,7.5WAC
COMAR,COMET 21 OPEN
COMAR,COMET 26 S
JEANNEAU SEGELBÅT,SUN ODYSSEY 44 DS
JEANNEAU SEGELBÅT,SUN ODYSSEY 509
JEANNEAU SEGELBÅT,SUN ODYSSEY 379
NAUTICAT,525
LINJETT,30
ROW GENERATION,VENTURE 15
ARRONET,35 CI
JEANNEAU SEGELBÅT,SUN ODYSSEY 439
RS,200
C-RIB,25
ANYTEC,860 FB
GOLDFISH,28
VECTOR,28 FC
SEACAT,7.5
BLESSER,360
BLESSER,440
BLESSER,505
STORM,22
SILVER MARINE,EXPO 60
GRANDEZZA,31 OC
GRANDEZZA,29 WA
RYDS,23 DC S
RYDS,20 DCI S
RYDS,23 WA S
GRISSLAN,520 S
GRISSLAN,640 AC
GRISSLAN,640 C
GRISSLAN,660 C
MAXUS,24 SCANDINAVIA
CAPELLI,626 TOP
CAPELLI,Tempest 570 SWE
CAPELLI,470 TOP
CRESCENT,565 SCC MICKEY
CRESCENT,405
CRESCENT,COSMOS
ALUKIN,SPORT CABIN 750
GREENWAVE,515 ESR
RUPTECH,32
CARIBE BOAT,TENDER LINE C9X
MOTORSNIPAN,TORE HERLIN 1933
GRANDEZZA,27 OC
SEA FORCE ONE,RIB 646 PRO
SUNSEEKER,48 PORTOFINO
HAMMARINE,SPORTFISHER 700 C
DAYTRIPPER,8
@SEA,HV-650
@SEA,HV-500
FAST FISHER,17 OPEN
MALÖ,47
YAMARIN CROSS,61 CENTER CONSOLE
NORD STAR,24 Patrol
PRINCESS,V52
FLIPPER,630 OC
STINGRAY,195 FX
RYDS,425R
CAMPUS,6.3
HANSE,325
FLIPPER,705 DC
CRESCENT,465 TRADER
BELLA,640 DC till 2018
BAYLINER,175 GT
CAMPUS,7.4
BAVARIA,34 SPORT
AQUADOR,21 WA E
AQUADOR,28 C
AQUADOR,32 C
ALUKIN,DP 600
DELTA,40 SW
TRESFJORD,ULTRA 360 FB
AMT,200 BR
DUFOUR,445
SEACART,26
STANLEY,BULLNOSE 40
COMBO,38
NORDKAPP,NOBLESS 650
SWEDESTAR,370
SCANNER,361
RUPERT,28 CABIN
BENETEAU SEGELBÅTAR,OCEANIS 40
TÄRNSKÄR,24
NORD STAR,26 Patrol
DORAL,MONTICELLO 255
DORAL,VENEZIA 275
DORAL,ALEGRIA 445
SCANGAARD YACHTS,21
HANSE,375
PURSUIT,OS 315
PURSUIT,DC 265
CAMPUS,6.6
ARRONET,27 SP
FAIRLINE,TARGA 38
SCANDINAVIAN CRUISER,20
ZODIAC,PRO 500
TERHI,SAIMAN
SANDSTRÖM,CLASSIC 4.95 AC
SANDSTRÖM,CLASSIC 5.60 MC
RYDS,568 DCI
OCEANMASTER,605 WA
HR,480
BENETEAU UTOMBORDARE,ANTARES 7.5
CRESCENT,C55
MV MARIN 2,6600 FC
MV MARIN 2,5700 BR
MV MARIN 2,5400 MC
MV MARIN 2,5400 HT
XO,270 RS
BAYLINER,DISCOVERY 192
BAYLINER,185 BR
QUICKSILVER,640 PILOTHOUSE
SILVER,EAGLE 650 DC
BELLA,560 HT560 HT A
FALCON,26 FANTINO
BELLA,703
ARRONET,27 CIR
ARRONET,23 5 SPR
ARRONET,20 5 C
NIMBUS,320 COUPE
NIMBUS,300 R
NIMBUS,35 NOVA
PURSUIT,S 280 SPORT
PURSUIT,OS 235
PURSUIT,C 230 CENTER CONSOLE
PURSUIT,OS 345 OFFSHORE
KRONA BOATS,2-KRONA
CRESCENT,PRIMO
SILVER,FOX R 485
MAREX,370 ACC
UTTERN,D68
SILVER,SHARK 580 DC
DUFOUR,365
UTTERN,S64
TG,ALFA
FORBINA,36FLY
BOSTON WHALER,170M
AQUADOR,23 WA
PURSUIT,OS 285
SILVER,FOX DC 485
TG,5900 SPORT FICHER
TG,7200 KING CRUISER tillv från -00
VIPER,243
VIPER,203
NAUTIQUE,216
MICORE,570CC
HANTERBARA BÅTAR,FRED 25 CABIN
TERHI,TWIN 475 C
TERHI,475 OPEN FC
BENETEAU UTOMBORDARE,FLYER 750 CABRIO
YAMARIN,65 DC
FINNMASTER,62 BR
FINNMASTER,57 BR
JEANNEAU MOTORBÅT,MERRY FISHER 6 MARLIN
JEANNEAU MOTORBÅT,MERRY FISHER 595
GOLDFISH,29 RIB TENDER
GOLDFISH,23 TENDER
CRESCENT,650 DC
SCANDICA,485
WESTLINE,34 TARGA
WESTLINE,25 FAMILY
GP,700
FAIRLINE,TARGA 44
SEA RAY,350 SUNDANCER
SEA RAY,235 WEEKENDER
EMILI,590
EMILI,460
FINNMASTER,52 SC
FINNMASTER,49 CC
FINNMASTER,66 WA
ANYTEC,860 SPDI
ANYTEC,750 SPD
ANYTEC,530 SPD
PARAGON,25
NIMBUS,27S E POWER
PARAGON,31
NIMBUS,43 NOVA
NIMBUS,250 R
X-YACHTS,XP 44
ATLANTIC MARINE,690 DC
ATLANTIC MARINE,580 DC
ATLANTIC MARINE,625 OPEN
ATLANTIC MARINE,550 OPEN
ATLANTIC MARINE,530 OPEN
BUSTER,Lx
LINDER,SPORTSMAN 445 MAX
NORDKAPP,ENDURO 760
NORDKAPP,AVANT 600
ZODIAC,650 PRO OPEN
ZODIAC,550 PRO
MICORE,570 CC OFFSHORE
BRANDSKÄR,290 A
SANDSTRÖM,570 S-CRUISER
LARSON,216 SC
LARSON,LX 850
LARSON,LX 710
YAMARIN,76 DC
OCEANMASTER,660 DC
OCEANMASTER,660 WA
SEA-DOO,WAKE PRO 215
REGAL,2550
REGAL,2250
REGAL,2100
REGAL,2000 ES
MAXI YACHTS,1300
CRESCENT,ALLURE 21
CRESCENT,535 HT CLASSIC
RYDS,490 TCI
RYDS,20 DCI
BUSTER,MAGNUM t.o.m. 2017
BAYLINER,802
BAVARIA,36 CRUISER
AQUADOR,21 WA S
AQUADOR,25 WAE
AQUADOR,23 HT
AQUADOR,26 HT
AQUADOR,23 DC
AQUADOR,28 DC
AQUADOR,25 CE
AMT,170 BRS
SEA STAR,20CC
BAYLINER,160 BR
ASKELADDEN,C62 Cruiser
ASKELADDEN,P66 Pilothouse
ASKELADDEN,S6
BENETEAU INOMBORDARE,SWIFT TRAWLER 34
BENETEAU INOMBORDARE,ANTARES 30
JENS,28
TARGA,23.1
DEHLER,32
COBALT,A25
AQUADOR,33 HT
AQUADOR,28 HT
AQUADOR,26 DC
BAVARIA,32
SEA RAY,255 DA SUNDANCER
AMT,185 R
AMT,200 DC
AMT,200 C
CAPELLI,TEMPEST 770 WA SWE
HR,480 SC
AQUADOR,22 C
ZODIAC,PRO OPEN 550
SEA RAY,185
SEAMASTER,210 FLEXI
SEAMASTER,175 CLASSIC
SEAMASTER,TRENDLINE 700
SANDSTRÖM,D CRUISER 5.70
SANDSTRÖM,CLASSIC 5.60
SANDSTRÖM,CLASSIC 5.10
RYDS,568 GTS
NORDKAPP,NOBLESSE 760
MICORE,500 SC CLASSIC
MICORE,550 CC CLASSIC
MICORE,630 CC OFFSHORE
REGAL,BOWRIDER 1900
SEA STAR,720
SEA STAR,660
LINDER,ARKIP 460
INTER,9000
BAYLINER,702
ATLANTIC MARINE,570 S
ATLANTIC MARINE,650 S
ATLANTIC MARINE,670 OPEN
ASKELADDEN,565 WASPER
ASKELADDEN,525 EXCEL
ASKELADDEN,C6
XO,240 RS OPEN
BAYLINER,111 GT
QUICKSILVER,700 WEEKEND
QUICKSILVER,640 WEEKEND
UTTERN,S52
BELLA,600 OCEAN
BELLA,530 EXCEL
BELLA,500 EXCEL
BELLA,621 DC
BELLA,765
SILVER,SHARK 580 CC
RYDS,620 GTS
UTTERN,D55
CRESCENT,STINGRAY ENTRE
ARVOR,250AS DELUXE
ARVOR,230 AS
ARVOR,215
NAJAD,355
DELPHIA,33
NORDKAPP,500 ENDURO
NORDKAPP,500 AVANT
NORDKAPP,600 ENDURO
MAREX,350 CABRIOLET CRUISER
GP,760 SE
MARIL,625
COBALT,222 WSS
TIGER MARINE,PRO TENDER 370
TIGER MARINE,SPORT LINE 520
TIGER MARINE,TENDER T280
TIGER MARINE,TOP LINE 650
BARCON,BARCONSNÄCKAN
SAGA,310
SKORGENES,445
HR,530CC
NORD STAR,28 Patrol
FLIPPER,705 HT
FLIPPER,630 HT
FLIPPER,605 WA
PRINCESS,42
BENETEAU UTOMBORDARE,ANTARES 6.80
BENETEAU SEGELBÅTAR,FIRST 30
ARRONET,27 CI
DAHL,18
HR,610 CB
WESTBOAT,28
SEA STAR,20
AIRSHIP RIB,R8
QUICKSILVER,ACTIV 535 OPEN
BELLA,600 DC
GREENLINE,33 HYBRID
LINDER,SPORTSMAN 445 CATCH
UTTERN,T62
UTTERN,D62
ASKELADDEN,P66 Weekend
D-KANOT,TEJST
XO,220 S
DRIVE,HARDTOP 66
DRIVE,DAYCRUISER 66
NORD WEST,430 SPORTS TOP
STINGRAY,225 SX
STINGRAY,215 CR
STINGRAY,208 CR
X-YACHTS,X-34
TARGA,37 IPS
TARGA,27.1
SAGA,315
BENETEAU SEGELBÅTAR,OCEANIS 34
JEANNEAU SEGELBÅT,SUN ODYSSEY 36I
WINDY,40  MAESTRO
MINOR,OFFSHORE 28
FLIPPER,625 DC
STINGRAY,250 CS
STINGRAY,235 CR
SKAGER,660
WESTFJORD,26
CAPELLI,TEMPEST 626 TOP
HR,440SC
ARRONET,23 5 SPT
AGAPI,900 WA
JEANNEAU SEGELBÅT,SUN ODYSSEY 409
NORD WEST,370 SPORT
NORD WEST,370 FLYBRIDGE
HANTERBARA BÅTAR,FRED 25
DELTA,34 SW
TARGA,44 IPS
NORD STAR,37 Patrol
CATCH,7.5WA
SKILSÖ,33 ARCTIC
JEANNEAU MOTORBÅT,LEADER 9
JEANNEAU MOTORBÅT,LEADER 8
FINNMASTER,59SC
ARCONA,410
RHEA MARINE,800 Timonier
RHÉA,750
NOR-DAN,820W
SESSA,OYSTER 36
HALLBERG-RASSY,64
GOLDEN CUT,28
DRIVE,SPORT CONSOLE 56
DRIVE,CONVERTIBLE 56
JENNIPHER,JENNIPHER 28
ELAN,350
RYDS,618 GTI
FISKSÄTRA,FIRALLY CABIN
HUNTER,50CC
HUNTER,45DS
HUNTER,39
FINNGULF,331
ATOMIX,600 SPORTS CUDDY
ATOMIX,RHIB 500
KOSTERFJORD,46
